{
	"pages": [
		{
			"path": "pages/index/index",
			"style": {}
		},
		{
			"path": "pages/bindCarnumber/bindCarnumber",
			"style": {
				"navigationBarTitleText": "绑定车牌号"
			}
		},
		{
			"path": "pages/experienceCode/experienceCode",
			"style": {
				"navigationBarTitleText": "挪车码"
			}
		},
		{
			"path": "pages/noticeCarowner/noticeCarowner",
			"style": {
				"navigationBarTitleText": "通知车主"
			}
		},
		{
			"path": "pages/codeList/codeList",
			"style": {
				"navigationBarTitleText": "我的挪车码"
			}
		},
		{
			"path": "pages/reciveWay/reciveWay",
			"style": {}
		},
		{
			"path": "pages/problemList/problemList",
			"style": {
				"navigationBarTitleText": "常见问题"
			}
		},
		{
			"path": "pages/orderList/orderList",
			"style": {
				"navigationBarTitleText": "我的订单"
			}
		},
		{
			"path": "pages/me/me",
			"style": {
				"navigationBarTitleText": "我的"
			}
		},
		{
			"path": "pages/orderConfirm/orderConfirm",
			"style": {}
		}
	],
	"tabBar": {
		"color": "#999",
		"selectedColor": "#3f270b",
		"backgroundColor": "#fff",
		"borderStyle": "white",
		"list": [
			{
				"selectedIconPath": "static/pages/images/nav-index-active.png",
				"iconPath": "static/pages/images/nav-index.png",
				"pagePath": "pages/index/index",
				"text": "挪车码"
			},
			{
				"selectedIconPath": "static/pages/images/nav-me-active.png",
				"iconPath": "static/pages/images/nav-me.png",
				"pagePath": "pages/me/me",
				"text": "我的"
			}
		]
	},
	"debug": true,
	"sitemapLocation": "sitemap.json",
	"requiredPrivateInfos": [
		"chooseAddress"
	],
	"globalStyle": {
		"backgroundTextStyle": "light",
		"navigationBarBackgroundColor": "#ffd700",
		"navigationBarTextStyle": "black"
	},
	"subPackages": []
}